image_path,face_id,facial_area,landmarks,confidence
C:\face1\emma_watson\emma_watson_1.jpg,face_1,"[363, 310, 934, 1125]","{'right_eye': [493.6901, 669.82996], 'left_eye': [748.68884, 662.8738], 'nose': [608.39966, 836.0577], 'mouth_right': [501.47443, 896.0675], 'mouth_left': [769.5686, 887.794]}",0.9993799924850464
C:\face1\emma_watson\emma_watson_2.jpg,face_1,"[414, 110, 669, 442]","{'right_eye': [480.13162, 258.38086], 'left_eye': [597.8282, 248.2916], 'nose': [541.97076, 326.74158], 'mouth_right': [505.72034, 379.3544], 'mouth_left': [589.4741, 370.0186]}",0.9992503523826599
C:\face1\emma_watson\emma_watson_3.jpg,face_1,"[117, 27, 180, 115]","{'right_eye': [131.36522, 64.41263], 'left_eye': [160.14041, 63.213238], 'nose': [143.66414, 79.76212], 'mouth_right': [135.31505, 94.58934], 'mouth_left': [158.87979, 93.51873]}",0.9992620348930359
C:\face1\emma_watson\emma_watson_4.jpg,face_1,"[54, 51, 175, 209]","{'right_eye': [82.58737, 117.64381], 'left_eye': [138.80515, 114.545746], 'nose': [108.849236, 151.22816], 'mouth_right': [89.608246, 171.7486], 'mouth_left': [138.27287, 168.84926]}",0.9991366267204285
C:\face1\kivanc_tatitug\kivanc_tatitug_1.jpg,face_1,"[250, 66, 452, 339]","{'right_eye': [309.0399, 175.96295], 'left_eye': [403.7718, 165.63004], 'nose': [367.82172, 217.64241], 'mouth_right': [329.7276, 276.90863], 'mouth_left': [404.4495, 267.23602]}",0.9994589686393738
C:\face1\kivanc_tatitug\kivanc_tatitug_2.jpg,face_1,"[79, 63, 205, 239]","{'right_eye': [110.679886, 130.01843], 'left_eye': [169.81023, 135.0186], 'nose': [134.4247, 163.03705], 'mouth_right': [112.25782, 194.70605], 'mouth_left': [157.65872, 198.99438]}",0.9996036887168884
C:\face1\kivanc_tatitug\kivanc_tatitug_3.jpg,face_1,"[296, 96, 489, 355]","{'right_eye': [351.9658, 203.96227], 'left_eye': [440.39166, 194.04765], 'nose': [404.57706, 251.8462], 'mouth_right': [371.4919, 297.94733], 'mouth_left': [439.3683, 288.61557]}",0.9995993971824646
C:\face1\kivanc_tatitug\kivanc_tatitug_4.jpg,face_1,"[250, 280, 725, 925]","{'right_eye': [366.97565, 547.3944], 'left_eye': [589.4061, 545.9373], 'nose': [471.7718, 689.66766], 'mouth_right': [383.28802, 768.65027], 'mouth_left': [576.336, 767.14]}",0.9994456171989441
